Filename,Category,Description
batch1-0414.jpg,"Food & Dining, Home Furnishings","seller: hoover, nunez and lewis 15174 wilson glen east carolmouth, az 89797 items no. description 6'x3' elegant marble black top dining table italian inlay furniture decor e964b 36 inches marble meeting table top inlay dinning table with red jasper stone art 6'x3' black marble large dining table top very fine handmade marquetry birds art 60 inches marble dinning table top inlay work lawn table with multi color stones yellow stone royal art marble dinning table top round garden table top 60 inches 5'x2' marble white center table top with 18"" tall stand pauashell inlay art deco 12"" white marble side coffee table top jasper elephant inlay garden decor w026 summary total qty 2,00 5,00 2,00 5,00 5,00 3,00 2,00 vat [%] 10% 11/21/2016 um eacl eac eac eac eac eac eac h n client: garrett llc 3733 hill heights frankland, ny 73888 net price 5 469,38 1 376,25 5 303,66 5 756,00 6 756,00 3 888,89 247,78 net worth 103 149,56 $ 103 149,56 net worth vat [%] 10 938,76 10% 6 881,25 10% 10 607,32 10% 28 780,00 10% 33 780,00 10% 11 666,67 10% 495,56 10% vat 10 314,96 $ 10 314,96 gross worth 12 032,64 7 569,37 11 668,05 31 658,00 37 158,00 12 833,34 545,12 gross worth 113 464,52 $ 113 464,52"
batch1-0415.jpg,"Food & Dining, Home Furnishings","seller: jones ltd 7221 brown glen west hannahville, nc 22541 items no. description qty ils 30 inches marble patio table 2,00 top malachite stone inlaid coffee table home decor 2. 5'x2' marble white center table 1,00 top with 18"" tall stand pauashell inlay art deco oo 54 inches marble dinning table 3,00 top inlay restaurant table with peacock design summary vat [%] 10% total 03/28/2017 um each each each client: coleman, cowan and mejia 848 heather brooks suite 713 torresview, ne 01681 net price net worth vat [%] 1 023,75 2 047,50 10% 3 888,89 3 888,89 10% 4 600,00 13 800,00 10% net worth vat 19 736,39 1 973,64 $ 19 736,39 $ 1 973,64 gross worth 2 252,25 4 277,78 15 180,00 gross worth 21 710,03 $ 21 710,03"
batch1-0416.jpg,Food & Dining,"seller: harmon llc 442 perez port north brandonbury, nc 79412 items no. description 1. 4 tupperware wine stemless cups set acrylic plastic shatter proof beverages new summary total 03/05/2018 client: chapman llc 3612 rodriguez union hilltown, ne 56109 qty um net price net worth vat [%] gross worth 2,00 each 34,99 69,98 10% 76,98 vat [%] net worth vat gross worth 10% 69,98 7,00 76,98 $ 69,98 $ 7,00 $ 76,98"
batch1-0417.jpg,"Office Supplies, Technology","seller: client: stone, fernandez and swanson johnson, newman and nelson 6995 hunter place apt. 926 20195 lisa island north alexander, me 80117 south rebeccatown, or 94663 items no. description qty um net price net worth vat [%] gross worth ils desktop computer amd 5,00 each 9,99 49,95 10% 54,95 sempron le1250 no hdd no os 2. hp z220 desktop computer 3,00 each 70,00 210,00 10% 231,00 barebone system by dell desktop computer tower 1,00 each 169,95 169,95 10% 186,95 optiplex core i5 8gb 1tb hd dvd wifi windows 10 pro 4. custom gaming desktop pc 3,00 each 359,99 1 079,97 10% 1 187,97 computer - core i5 4690, rx 470, 8gb ram summary vat [%] net worth vat gross worth 10% 1 509,87 150,99 1 660,86 total $ 1509,87 $ 150,99 $ 1 660,86"
batch1-0418.jpg,Footwear & Athletic Wear,"seller: scott llc 9206 sierra crossing lake ronaldberg, dc 76862 items no. description qty 1. fabulous nike boy's kyrie 3 3,00 white basketball shoes size 5.5y 859466-103 with box 2. joma youth boys gol 205 piso 5,00 multitaco soccer cleats 5.5 white blue yellow new 3: under armour ua curry 3 4,00 black/black size 6y 4. diadora youth boys avanti md 2,00 jr soccer cleats size 2.5 yellow black new summary vat [%] 10% total 05/30/2018 um eacn eacn eacn eacn client: lawrence-pacheco 688 holland isle south maria, md 09676 net price net worth vat [%] 29,99 89,97 10% 19,99 99,95 10% 4,90 19,60 10% 19,99 39,98 10% net worth vat 249,50 24,95 $ 249,50 $ 24,95 gross worth 98,97 109,94 21,56 43,98 gross worth 274,45 $ 274,45"
batch1-0419.jpg,"Food & Dining, Office Supplies, Home Furnishings","seller: holloway, ford and smith 048 brown creek apt. 631 new jonathan, dc 38097 items no. description qty 1. hippie 3d starry sky carpet 5,00 child play area rug kids room carpets mat home decor 2. 3x5 ft cotton chindi rug dining 1,00 room carpet floor mat handwoven area rug throw oo garden flower carpet quilted 2,00 bedroom floor princess tapis lace rug carpets 4. imitation wool carpet rugs 1,00 koala panda plush living room blankets non slip decor s: round rug carpet for living 2,00 room decor faux fur rugs kids room long plush rugs 6. plush carpet for living room 1,00 fluffy rug thick bed room carpets anti-slip floor g de rectangle area rug wood grain 3,00 carpet mat for living room bedroom - 180x60cm summary vat [%] 10% total 02/11/2013 um eacn eacn eacn eacn eacn eacn eacn client: pena, hernandez and miller 566 daniels causeway leonardfurt, mi 40983 net price 11,69 17,85 45,50 26,11 9,87 20,36 32,81 net worth 331,94 $ 331,94 net worth vat [%] 58,45 10% 17,85 10% 91,00 10% 26,11 10% 19,74 10% 20,36 10% 98,43 10% vat 33,19 $ 33,19 gross worth 64,29 19,64 100,10 28,72 21,71 22,40 108,27 gross worth 365,13 $ 365,13"
batch1-0420.jpg,"Food & Dining, Utilities","seller: client: rich, bentley and schmidt avila and sons 2436 hammond shores 571 robinson creek port ashley, nd 99052 north deborahview, ct 06884 items no. description qty um net price net worth vat [%] gross worth ils set of 2 etched “ hers” and 4,00 each 4,00 16,00 10% 17,60 “hers too” wine glasses 2. galvanized metal wine caddy 2,00 each 34,95 69,90 10% 76,89 3. european style wine rack 5,00 each 7,67 38,35 10% 42,19 plastic water bottle display mat wine holder organizer 4. one pebbled confetti glass 2,00 each 8,99 17,98 10% 19,78 wine water goblet 12 oz 8"" tall summary vat [%] net worth vat gross worth 10% 142,23 14,22 156,45 total $ 142,23 $ 14,22 $ 156,45"
batch1-0421.jpg,"Food & Dining, Transportation, Home Furnishings","seller: stanley group 5487 richard track suite 480 south joseph, nc 41730 items no. description qty 1. leopard printed rug skin mat leather faux fur animals area rugs home carpets 2,00 2. fluffy rugs anti-slip area rug 2,00 dining room carpet floor mat home bedroom decor ! 3: cartoon rabbit printed round carpet area rug children play tent floor mat rug 2,00 4. 3d swirl print optical illusion area rug carpet floor pad non-slip doormat mats 5,00 a war horse series small large 4,00 long floor carpet area rugs various size soft rug 6. yilong 4'x6' all over handmade carpet dining room hand knotted silk rugs 082b 4,00 de imitation wool carpet rugs koala panda plush living room blankets non slip decor 1,00 summary vat [%] 10% total 09/30/2012 um eacn eacn eacn eacn eacn eacn eacn client: mcbride-sanchez 48923 dominguez locks apt. 317 sarahberg, la 20147 net price net worth vat [%] 19,49 38,98 10% 4,99 9,98 10% 177,08 354,16 10% 11,96 59,80 10% 36,30 145,20 10% 3 600,00 14 400,00 10% 26,11 26,11 10% net worth vat 15 034,23 1 503,42 $ 15 034,23 $ 1503,42 gross worth 42,88 10,98 389,58 65,78 159,72 15 840,00 28,72 gross worth 16 537,65 $ 16 537,65"
batch1-0422.jpg,"Office Supplies, Technology","seller: kim, lloyd and white 057 walsh ranch lake natasha, ga 64172 items no. description 1. custom build hp desktop computer 16gb | 2tb | ssd | windows 10 windows 7 pc wifi 2. custom build gaming rgb mini itx computer pc 3: dell desktop computer intel core i5 windows 10 pro 64 250gb 3.1ghz 4gb ram 4. 10-core gaming computer desktop pc tower hdmi 8gb ddr4 r7 graphic custom built ab hp 6200 pro core i7 3.4ghz quad core 16gb 500gb computer 6. dell optiplex sff desktop computer windows 10 4gb 160gb summary total qty 1,00 4,00 2,00 4,00 3,00 3,00 vat [%] 10% 08/03/2016 um eacn eacn eacn eacn eacn eacn client: clark, russell and johns 67220 knox divide hawkinsbury, me 17281 net price 329,00 520,00 240,24 348,88 256,68 89,99 net worth 5 325,01 $5 325,01 net worth 329,00 2 080,00 480,48 1.395,52 770,04 269,97 vat [%] 10% 10% 10% 10% 10% 10% vat 532,50 $ 532,50 gross worth 361,90 2 288,00 528,53 1 535,07 847,04 296,97 gross worth 5 857,51 $5 857,51"
batch1-0423.jpg,Technology,"seller: smith, gonzalez and wallace 517 drake meadow new seanburgh, tx 46774 items no. description qty 1. sony playstation2 scph-50000 3,00 tss silyer console jp game ps2 japan tested working 2. b397 nintendo dsi console red 3,00 japan nds x 3: super nintendo snes system 2,00 console controller & cables - sns-001 + 3 games 4. nintendo wii white console 4,00 rvl-001 bundle game cube compatible controllers senso 5: new sony playstation 4 slim 5,00 1tb 3 game bundle console. sealed!!! 6. xbox one x 1tb 4k black video 5,00 game console system - factory sealed brand new summary vat [%] 10% total 11/11/2014 um eacn eacn eacn eacn eacn eacn client: barnes plc 91305 laura street apt. 439 matthewsmouth, nj 19408 net price net worth vat [%] 119,99 359,97 10% 6,99 20,97 10% 103,99 207,98 10% 99,99 399,96 10% 399,99 1 999,95 10% 419,99 2 099,95 10% net worth vat 5 088,78 508,88 $ 5 088,78 $ 508,88 gross worth 395,97 23,07 228,78 439,96 2 199,95 2 309,95 gross worth 5 597,66 $ 5 597,66"
batch1-0424.jpg,Footwear & Athletic Wear,"seller: adkins, campbell and butler psc 8125, box 9401 apo aa 65326 items no. description ae toddler car rain boots 5 2. skechers kids' snap sprints sneaker size 4 blue/black 97546l 3: skechers blue athletic shoes kids size 2 euc 4. joma youth boy supercopa 201 soccer cleats 4.5 negro verde multitaco black green summary total qty 3,00 4,00 3,00 2,00 vat [%] 10% 04/30/2015 um each each each each client: bird, bates and johnston 970 rowe street kristieton, co 20645 net price 9,00 29,99 11,99 19,99 net worth 222,91 $ 222,91 net worth vat [%] 27,00 10% 119,96 10% 35,97 10% 39,98 10% vat 22,29 $ 22,29 gross worth 29,70 131,96 39,57 43,98 gross worth 245,20 $ 245,20"
batch1-0425.jpg,"Footwear & Athletic Wear, Clothing & Apparel","seller: smith, garcia and brown 018 joseph parkway charlesside, or 90692 items no. description qty ils dc kids turbo skate shoe (little 4,00 kid/big kid) color white/royal 2. all mattel disney pixar model 1,00 cars mcqueen 1:55 diecast lot choose loose kid toy a 5ps face masks men women 2,00 unisex kid cover clothing mask reusable washable cloth 4. 100pcs wall stickers home 1,00 decor glow in the dark star sticker decal kids room 5: reebok boys furylite graphic 4,00 gray athletic shoes 6 medium (d) big kid bhfo 0924 6. nike dangeruss wilson youth 3,00 flex shoes green blue sneakers kids size 12.5 7. durango lil' little kid western 2,00 casual western purple boys - size 2m summary vat [%] 10% total 12/19/2016 um eacn eacn eacn eacn eacn eacn eacn client: diaz llc 97546 brown hills apt. 820 sarahmouth, dc 58341 net price net worth vat [%] 55,00 220,00 10% 12,99 12,99 10% 4,39 8,78 10% 1,70 1,70 10% 28,99 115,96 10% 19,95 59,85 10% 68,00 136,00 10% net worth vat 555,28 55,53 $ 555,28 $ 55,53 gross worth 242,00 14,29 9,66 1,87 127,56 65,83 149,60 gross worth 610,81 $ 610,81"
batch1-0426.jpg,Technology,"seller: rodgers-garcia 4296 lucas springs suite 455 carolfort, hi 78427 items no. description qty 1. sony playstation 3 slim 120gb 2,00 black console summary vat [%] 10% total 02/03/2021 client: bruce-reid 7895 white estate port ethanland, ma 15193 um net price net worth vat [%] each 99,99 199,98 10% net worth vat 199,98 20,00 $ 199,98 $ 20,00 gross worth 219,98 gross worth 219,98 $ 219,98"
batch1-0427.jpg,Technology,"seller: jensen plc 565 kelly freeway apt. 583 east rachelburgh, ks 55286 items no. description qty 1. nintendo 64 console plus 2 1,00 games barely played with in partial original box 2. nintendo wii console system 1,00 bundle gamecube compatible w controllers games cords oo xbox series x console 4,00 confirmed pre-order 4. nintendo switch lite yellow 2,00 console only - no accessories or charger [b1-1] summary vat [%] 10% total 07/24/2013 um eacn eacn eacn eacn client: cox-moore 9085 ashley ford suite 319 south sydney, sd 05269 net price net worth vat [%] 49,99 49,99 10% 94,95 94,95 10% 750,00 3 000,00 10% 135,00 270,00 10% net worth vat 3 414,94 341,49 $ 3 414,94 $ 341,49 gross worth 54,99 104,45 3 300,00 297,00 gross worth 3 756,43 $ 3 756,43"
batch1-0428.jpg,Food & Dining,"seller: client: henry inc cole, lee and long 46769 james grove apt. 769 psc 5057, box 8574 lauraton, or 80222 apo ap 08956 items no. description qty um net price net worth vat [%] gross worth ils bicycle wine bottle 2,00 each 4,99 9,98 10% 10,98 holder/excellent condition summary vat [%] net worth vat gross worth 10% 9,98 1,00 10,98 total $ 9,98 $ 1,00 $ 10,98"
batch1-0429.jpg,Footwear & Athletic Wear,"seller: client: gonzalez, bauer and taylor collins-williams 200 jackson flat 7227 michael lakes apt. 810 anthonytown, az 83497 north ashley, tn 15350 items no. description qty um net price net worth vat [%] gross worth ils children's sports shoes 1,00 each 19,99 19,99 10% 21,99 breathable mesh boys casual shoes 2. kushyshoo children kid rain 3,00 each 22,99 68,97 10% 75,87 boot shoes rubber, monkey, size youth 1 bh nike zoom kd 9 kevin durant 5,00 each 34,49 172,45 10% 189,70 youth women's shoes sneakers summary vat [%] net worth vat gross worth 10% 261,41 26,14 287,55 total $ 261,41 $ 26,14 $ 287,55"
batch1-0430.jpg,Home Furnishings,"seller: client: kaufman-martin brown ltd 63370 william turnpike apt. 926 654 robinson villages apt. 390 heatherfurt, ny 30107 west anthonyview, pa 31030 items no. description qty um net price net worth vat [%] gross worth ils christmas carpet for kitchen 4,00 each 13,60 54,40 10% 59,84 rug living room floor mat non-slip area rugs decor 2. soft sheepskin mat faux fur 4,00 each 8,11 32,44 10% 35,68 rug small shaggy non slip floor carpet light pink oo rug beni ourain, moroccan 5,00 each 450,00 2 250,00 10% 2 475,00 handmade 100% wool area rug berber beni ouarain carpet 4. yilong 4'x6' traditional 2,00 each 3 600,00 7 200,00 10% 7 920,00 handmade carpet parlor home hand knotted silk rugs 084b a 120cm*160cm large faux 2,00 each 52,99 105,98 10% 116,58 rabbit fur carpet soft living room bedroom warm carpet 6. deluxe soft faux sheepskin 3,00 each 14,02 42,06 10% 46,27 shaggy area floor rugs kids play carpet ds yilong 6'x9' handknotted silk 5,00 each 10 800,00 54 000,00 10% 59 400,00 area rug medallion deep red home carpet 0962 summary vat [%] net worth vat gross worth 10% 63 684,88 6 368,49 70 053,37 total $ 63 684,88 $ 6 368,49 $ 70 053,37"
batch1-0431.jpg,Home Furnishings,"seller: shaffer ltd 9147 mercado flats suite 699 south paulfort, de 75869 items no. description qty ils 54 inches black marble dinning 5,00 table top unique hallway table with luxurious art summary vat [%] 10% total um each 08/02/2014 client: wright llc 7147 wilson stream cookstad, tn 25047 net price net worth vat [%] 4 120,00 20 600,00 10% net worth vat 20 600,00 2 060,00 $ 20 600,00 $ 2 060,00 gross worth 22 660,00 gross worth 22 660,00 $ 22 660,00"
batch1-0432.jpg,Books & Media,"seller: trujillo-johnson 07030 stevenson stravenue kathleenview, wa 77540 items no. description qty 1. nightmares in the sky: 5,00 gargoyles and grotesques 2. warman's star wars field guide 1,00 by wells, stuart w., ill by the great one: the complete 2,00 wayne gretzky collection 4. winnie the pooh by a. a. milne 5,00 illustrated by shepard collector's new hardcover 5: q&a a day: 5-year journal 1,00 6. entertaining 4,00 summary vat [%] 10% total 11/26/2018 um eacn eacn eacn eacn eacn eacn client: garrett, simmons and smith 52259 alexander station suite 695 east crystalmouth, nj 44771 net price net worth vat [%] gross worth 7,50 37,50 10% 41,25 sp2e 577 10% 6,35 4,89 9,78 10% 10,76 19,73 98,65 10% 108,52 4,49 4,49 10% 4,94 4,49 17,96 10% 19,76 net worth vat gross worth 174,15 17,42 191,57 $ 174,15 $ 17,42 $ 191,57"
batch1-0433.jpg,"Office Supplies, Clothing & Apparel","seller: mcdaniel inc 980 henry ville penaborough, vt 44420 items no. description 1. marc jacobs ivory cotton short sleeve beige silk overlay dress small 2. cabi 5610 striped white blue launch maxi dress womens sz m 3: boden size 8 us green & navy dark blue belted midi wool knit sweater fall dress summary total 03/08/2015 qty um 3,00 each 4,00 each 1,00 each vat [%] 10% client: taylor and sons 1445 silva trace north susan, tx 31627 net price 15,99 48,99 35,00 net worth 278,93 $ 278,93 net worth vat [%] 47,97 10% 195,96 10% 35,00 10% vat 27,89 $ 27,89 gross worth 52,77 215,56 38,50 gross worth 306,82 $ 306,82"
batch1-0434.jpg,Home Furnishings,"seller: campbell, hernandez and myers 7539 silva island west vincentbury, nj 79795 items no. description ae 5'x2' marble white center table top with 18"" tall stand pauashell inlay art deco 2. 4'x2' black center top table italian marquetry gemstone art columba's day gift 3: 4pcs adjustable stainless steel cabinet legs kitchen feet round stand holders summary total qty 3,00 2,00 3,00 vat [%] 10% 08/03/2014 um each each each client: ward, stewart and bennett unit 3754 box 7172 dpo aa 86105 net price net worth vat [%] 3 888,89 11 666,67 10% 3 688,00 7 376,00 10% 11,95 35,85 10% net worth vat 19 078,52 1 907,85 $ 19 078,52 $ 1 907,85 gross worth 12 833,34 8 113,60 39,43 gross worth 20 986,37 $ 20 986,37"
batch1-0435.jpg,Books & Media,"seller: mason-beltran 5622 erik knolls new kristafurt, mt 51436 items no. description 1. sing my way home: voices of the new american roots 2: goodnight from london: a novel 3: the world of art time life books~completeset of 24 + american modern art summary total qty 2,00 5,00 5,00 vat [%] 10% 08/28/2019 um each each each client: net price 5,61 4,49 50,00 net worth 283,67 $ 283,67 morrison, stewart and graham 51370 thompson oval suite 431 beckerburgh, me 77062 net worth vat [%] gross worth 11,22 10% 12,34 22,45 10% 24,70 250,00 10% 275,00 vat gross worth 28,37 312,04 $ 28,37 $ 312,04"
batch1-0436.jpg,Technology,"seller: client: padilla, webb and pearson marsh-kennedy 96997 ellis river 90918 jesus village suite 061 new kimberlyhaven, az 52628 saundersstad, ak 57749 items no. description qty um net price net worth vat [%] gross worth ils sony playstation2 console 1,00 each 50,00 50,00 10% 55,00 scph-37000 "" ocean blue ""/ tested 11178 2. b360 nintendo 2ds console 1,00 each 29,99 29,99 10% 32,99 blue japan a nintendo 64 game console unit / 5,00 each 39,99 199,95 10% 219,95 controllers / games used untested summary vat [%] net worth vat gross worth 10% 279,94 27,99 307,93 total $ 279,94 $ 27,99 $ 307,93"
batch1-0437.jpg,Home Furnishings,"seller: forbes, young and fisher 60822 olson crest north andrewborough, fl 03034 items no. description ils garden flower carpet quilted bedroom floor princess tapis lace rug carpets 2. egg bathroom rug carpet area rugs rug floor mats nordic chic room decor 3: round rug carpets for living room decor kids room long plush rugs bedroom mats* 4. new candy color soft anti-skid carpet soft non slip rug living bedroom floor mat ds yilong 1.2x1.7' 300l tree and birds handmade silk rug carpet tapestry lh691a summary total qty 1,00 1,00 4,00 5,00 4,00 vat [%] 10% 09/22/2016 um eacn eacn eacn eacn eacn client: moore and sons 18304 valerie row north steve, hi 79797 net price 45,50 68,10 4,38 11,99 188,00 net worth 943,07 $ 943,07 net worth vat [%] 45,50 10% 68,10 10% 17,52 10% 59,95 10% 752,00 10% vat 94,31 $ 94,31 gross worth 50,05 74,91 19,27 65,95 827,20 gross worth 1 037,38 $ 1 037,38"
batch1-0438.jpg,Clothing & Apparel,"seller: client: robles, carroll and pittman quinn-campos 429 bethany shore apt. 216 90271 nathaniel square apt. 059 mcdonaldshire, nh 35870 east tonyaville, wv 90098 items no. description qty um net price net worth vat [%] gross worth ils lularoe nicole dress size large 1,00 each 1,99 1,99 10% 2,19 25 2. old navy womens sleeveless 4,00 each 12,00 48,00 10% 52,80 rayon dress hawaiian floral print size xs a banana republic maroon 4,00 each 5,00 20,00 10% 22,00 abstract ruffled wrap dress with slip xs 0 summary vat [%] net worth vat gross worth 10% 69,99 7,00 76,99 total $ 69,99 $ 7,00 $ 76,99"
batch1-0439.jpg,"Transportation, Technology, Footwear & Athletic Wear","seller: hall llc 27618 johnson shores suite 030 richport, ar 85238 items no. description 1. saucony boys' ride iso sneaker, white/blue/vizi red, 7 m us little kid 2. fila shoes sneakers kids size 11 red black gray 3: nike 7y black summary total 03/21/2017 qty um 3,00 each 1,00 each 2,00 each vat [%] 10% client: brown-vazquez uscgc monroe fpo aa 63303 net price 27,99 15,00 15,00 net worth 128,97 $ 128,97 net worth vat [%] 83,97 15,00 30,00 vat 12,90 $ 12,90 10% 10% 10% gross worth 92,37 16,50 33,00 gross worth 141,87 $ 141,87"
batch1-0440.jpg,Home Furnishings,"seller: davila, reed and wright 041 faulkner island south feliciaview, ia 68431 items no. description living room mahal floor mat oriental wool carpet 3x5 floral red hand knotted round rug carpets for living room decor kids room long plush rugs bedroom mats* yilong 2.5'x4' hand knotted silk garden scene rug indoor oriental carpet 352b 3d modern printing flower carpet non slip area rug living room floor door mat egg shape area rugs soft cotton carpet floor mat for kids study playroom rectangle area rug wood grain carpet mat for living room bedroom - 180x60cm summary total qty 4,00 5,00 3,00 1,00 2,00 4,00 vat [%] 10% 12/29/2013 um eacn eacn eacn eacn eacn eacn client: moore, guerrero and jacobson 730 henderson ridge port michelleville, vt 58312 net price 310,00 4,38 2 000,00 11,71 29,43 32,81 net worth 7 463,71 $ 7 463,71 net worth vat [%] gross worth 1 240,00 10% 1 364,00 21,90 10% 24,09 6 000,00 10% 6 600,00 11,71 10% 12,88 58,86 10% 64,75 131,24 10% 144,36 vat gross worth 746,37 8 210,08 $ 746,37 $ 8 210,08"
batch1-0441.jpg,"Utilities, Footwear & Athletic Wear, Clothing & Apparel","seller: vega inc 08135 meyer walk wilsonport, or 74032 items no. description qty ils 6 pairs of jordan’s size 7y 2,00 2. little boys size 2 son of mars 2,00 jordan 3. timberland women's/junior's 2,00 premium 6"" navy waterproof boots 3793a 4. new kid cudi ""wzrd"" rap hip 5,00 hop soul music men's black t-shirt size s to 3xl 5: 5 youth boys big kids nike 3,00 jordan 6-17-23 basketball white red black 428818 100 summary vat [%] 10% total 02/05/2012 um eacn eacn eacn eacn eacn client: sanchez, miller and mitchell 36708 dawn roads apt. 402 new kennethview, ri 40298 net price 130,00 19,00 79,99 22,49 89,99 net worth 840,40 $ 840,40 net worth vat [%] 260,00 38,00 159,98 112,45 269,97 vat 84,04 $ 84,04 10% 10% 10% 10% 10% gross worth 286,00 41,80 175,98 123,69 296,97 gross worth 924,44 $ 924,44"
batch1-0442.jpg,"Office Supplies, Technology","seller: client: miller-nunez 0417 wright parks south davidstad, ct 55259 items no. description qty um ils hp prodesk 600 g4 desktop 5,00 each computer 6-core i7-8700t 16gb 512gb ssd win10 pro 64bi 2. dell desktop computer{jintel 4,00 each core 2 duo 8gb 1tb hd windows 10 pc 22"" lcd wifi summary vat [%] 10% total mata group 8093 rachel square suite 024 michaelberg, nd 41121 10% 10% net price net worth vat [%] 599,99 2 999,95 69,95 279,80 net worth vat 3 279,75 327,98 $ 3 279,75 $ 327,98 gross worth 3 299,95 307,78 gross worth 3 607,73 $ 3 607,73"
batch1-0443.jpg,Utilities,"seller: client: black-smith peterson-taylor uscgc johnson 13110 martinez falls fpo ae 73771 new felicia, id 29150 items no. description qty um net price net worth vat [%] gross worth ils waterfowl illustrated 1,00 each 5,80 5,80 10% 6,38 summary vat [%] net worth vat gross worth 10% 5,80 0,58 6,38 total $ 5,80 $ 0,58 $ 6,38"
batch1-0444.jpg,"Retail, Technology","seller: baird-morris 66828 wallace fork port bettyport, oh 62954 items no. description qty ae microsoft xbox series x 1tb video game console - black, preorder confirm presale 4,00 2. vtech game console bundle- console, art studio, games, 2 controllers- tested! 5,00 3: nintendo switch lite yellow console only - no accessories or charger [b1-2] 2,00 4. n64 nintendo system console lot bundle w/ 2 games 1 controller tested working 3,00 ab xbox series x console confirmed pre-order 4,00 6. ps5- playstation 5 console disc 5,00 version **confirmed preorder** ib nintendo wii white console rvl-001 bundle game cube compatible controllers senso 1,00 summary vat [%] 10% total 06/30/2015 um eacn eacn eacn eacn eacn eacn eacn client: smith-wells 7801 gilbert cliff apt. 666 staceyton, nc 37739 net price net worth vat [%] 729,98 2 919,92 10% 219,99 1 099,95 10% 135,00 270,00 10% 95,99 287,97 10% 750,00 3 000,00 10% 820,00 4 100,00 10% 99,99 99,99 10% net worth vat 11 777,83 1 177,78 $ 11 777,83 $1177,78 gross worth 3 211,91 1 209,95 297,00 316,77 3 300,00 4510,00 109,99 gross worth 12 955,61 $ 12 955,61"
batch1-0445.jpg,"Office Supplies, Technology","seller: bennett plc 202 burgess parkways apt. 328 port kevin, il 29161 items no. description 1. fast hp desktop pc computer dual core 3.0ghz 8gb 2tb windows 10 pro wifi monitor 2. $5.00 desktop computers!!! bh dell desktop computer pc optiplex 790 quad core i5 8gb 480gb ssd windows 10 wifi summary total 03/19/2020 client: hernandez llc 930 lane trail johnsonfurt, de 94674 qty um net price net worth vat [%] 5,00 each 201,99 1 009,95 10% 4,00 each 5,00 20,00 10% 4,00 each 144,99 579,96 10% vat [%] net worth vat 10% 1 609,91 160,99 $ 1 609,91 $ 160,99 gross worth 1110,95 22,00 637,96 gross worth 1 770,90 $1770,90"
batch1-0446.jpg,"Footwear & Athletic Wear, Clothing & Apparel","seller: white and sons 50566 johnson pass apt. 654 gabrielside, pa 65166 items no. description qty um ils adult girl version hermione 5,00 each granger cosplay costume gryffindor kid size in stock 2. boys shoes size 5 1,00 each summary vat [%] 10% total 10/05/2014 client: butler llc unit 5502 box 9807 dpo ap 91576 net price net worth vat [%] 64,16 320,80 10% 5,80 5,80 10% net worth vat 326,60 32,66 $ 326,60 $ 32,66 gross worth 352,88 6,38 gross worth 359,26 $ 359,26"
batch1-0447.jpg,"Food & Dining, Office Supplies, Home Furnishings","seller: tran llc 286 marilyn crescent new jonathanborough, ct 67755 items no. description qty ils 18"" handmade white top chess 2,00 table inlaid mosaic gemstone art halloween gift art 2. marble top side table tiger eye 3,00 gem marquetry pietradura garden decor arts h469 oo 6 pack metal plated table locks 3,00 dining training table buckles connectors hardwar 4. 36 inches marble dinning table 5,00 top hand inlaid office table with multi gemstones summary vat [%] 10% total 07/30/2020 um eacn eacn eacn eacn client: golden, gross and rivera 299 megan bypass apt. 471 robertview, co 69857 net price net worth vat [%] 525,00 1 050,00 10% 341,48 1 024,44 10% 1273 38,19 10% 1 451,25 7 256,25 10% net worth vat 9 368,88 936,89 $ 9 368,88 $ 936,89 gross worth 1 155,00 1 126,88 42,01 7 981,87 gross worth 10 305,77 $ 10 305,77"
batch1-0448.jpg,Clothing & Apparel,"seller: stone plc uss brown fpo ap 41037 items no. description qty ils christmas dress grace karin 3,00 sleeveless christmas dress red black size large 2. matilda jane women's light 4,00 rising high low green floral dress size l pockets oo lands end womens 3/4 sleeve 5,00 dress plus 3x navy blue floral cotton knit 482038 4. fire los angeles dress medium 2,00 s: burent orange long dress with 4,00 beads sue wong size 2 summary vat [%] 10% total 09/15/2014 um eacn eacn eacn eacn eacn client: allen inc 1995 luis gardens hickmanmouth, ca 99366 net price net worth vat [%] 9,99 29,97 10% 50,00 200,00 10% 2123 106,15 10% 6,50 13,00 10% 75,00 300,00 10% net worth vat 649,12 64,91 $ 649,12 $ 64,91 gross worth 32,97 220,00 116,77 14,30 330,00 gross worth 714,03 $ 714,03"
batch1-0449.jpg,"Food & Dining, Home Furnishings","seller: wright, pineda and walker 2524 kristie pike apt. 111 east michael, me 08063 items no. description qty 1. fluffy floor mat anti-skid shaggy area rugs dining living room carpet home decor 3,00 2. round carpets bedroom decor rugs double layer sponge rugs modern style carpets 4,00 3: geometry hippie non-slip area rugs kitchen rug floor mat livingroom carpet decor 1,00 4. new candy color soft anti-skid carpet soft non slip rug living bedroom floor mat 5,00 s: imitation wool carpet rugs 2,00 koala panda plush living room blankets non slip decor 6. muted mauve floral design 4x6 oushak chobi oriental rug wool home decor carpet 5,00 hs yilong 4'x6' golden handmade carpet house decor hand knotted silk rugs 088b 4,00 summary vat [%] 10% total 06/19/2011 um eacn eacn eacn eacn eacn eacn eacn client: benjamin-aguilar 248 james views apt. 184 port amytown, or 42693 net price net worth vat [%] 3,89 11,67 10% 45,46 181,84 10% 13,66 13,66 10% 11,99 59,95 10% 26,11 52,22 10% 276,36 1 381,80 10% 3 600,00 14 400,00 10% net worth vat 16 101,14 1610,11 $16 101,14 $1610,11 gross worth 12,84 200,02 15,03 65,95 57,44 1519,98 15 840,00 gross worth ae talal as) $17 711,25"
batch1-0450.jpg,Footwear & Athletic Wear,"seller: anderson-nguyen 587 wong rest south sonyaberg, hi 38822 items no. description qty 1. deer stag kids landry boys 3,00 lace up sneakers gray/blue size 6 2. 6 pairs of jordan’s size 7y 3,00 summary vat [%] 10% total um each each 09/05/2018 client: smith-coleman 87928 christina terrace michaelton, mo 84688 net price net worth vat [%] 28,99 86,97 10% 130,00 390,00 10% net worth vat 476,97 47,70 $ 476,97 $ 47,70 gross worth 95,67 429,00 gross worth 524,67 $ 524,67"
batch1-0451.jpg,"Office Supplies, Technology","seller: farmer inc 8087 buchanan keys suite 419 east stephanie, ca 76599 items no. description qty ils lenovo c20-00...all in one 3,00 desktop computer ...with wireless mouse..... summary vat [%] 10% total 04/01/2018 client: hanna-tapia 075 hutchinson knolls east jade, tx 52640 um net price net worth vat [%] each 277,64 832,92 10% net worth vat 832,92 83,29 $ 832,92 $ 83,29 gross worth 916,21 gross worth 916,21 $ 916,21"
batch1-0452.jpg,Office Supplies,"seller: client: pena-boyd branch-white 7048 michael ridge bethfurt, wv 92025 items no. description qty um ils lives of the artists, vol. 2 4,00 each 2. herbal tarot deck 1,00 each summary vat [%] 10% total 51915 kathryn keys timothyville, de 87126 net price net worth vat [%] 4,49 17,96 10% 17,98 17,98 10% net worth vat 35,94 3,59 $ 35,94 $ 3,59 gross worth 19,76 19,78 gross worth 39,53 $ 39,53"
batch1-0453.jpg,Home Furnishings,"seller: ramirez ltd unit 8627 box 5120 dpo ap 39497 items no. description qty ils yilong 4'x6' golden handmade 4,00 carpet antique hand knotted silk area rugs 087b 2. yilong 2.5'x4' small hand 2,00 knotted silk carpets antistatic floor area rug 844b 3: galaxy butterfly area rugs 1,00 children bedroom non-slip doormat floor mat carpet 4. yilong 5'x8' handknotted silk 1,00 area rug living room black classic carpet l38b a soft sheepskin mat faux fur 3,00 fake rug shaggy non slip floor carpet black summary vat [%] 10% total 02/08/2017 um eacn eacn eacn eacn eacn client: warren-willis 925 ward causeway apt. 627 lynnfort, ma 08264 net price 3 600,00 2 000,00 13,69 8 000,00 9,84 net worth 26 443,21 $ 26 443,21 net worth vat [%] 14 400,00 10% 4 000,00 10% 13,69 10% 8 000,00 10% 29;52) 10% vat 2 644,32 $ 2 644,32 gross worth 15 840,00 4 400,00 15,06 8 800,00 32,47 gross worth 29 087,53 $ 29 087,53"
batch1-0454.jpg,Clothing & Apparel,"05/11/2020 seller: client: knight, howell and pugh jenkins plc 63508 steele fields unit 6603 box 2116 stevenhaven, me 04335 dpo ae 78649 items no. description qty um net price net worth vat [%] gross worth ils newborn toddler baby girls 4,00 each 9,15 36,60 10% 40,26 floral print romper dress bodysuits ouftits clothes 2. herve leger bandage dress 3,00 each 289,00 867,00 10% 953,70 long gown flared v neck metallic silver size s summary vat [%] net worth vat gross worth 10% 903,60 90,36 993,96 total $ 903,60 $ 90,36 $ 993,96"
batch1-0455.jpg,"Food & Dining, Home Furnishings","seller: client: huynh-ruiz mcintosh-macdonald 9148 chambers rapid suite 844 272 allen crescent apt. 713 north sheila, pa 37277 caseport, sc 53123 items no. description qty um net price net worth vat [%] gross worth ils 4'x6' wool floral handmade 4,00 each 299,00 1 196,00 10% 1 315,60 rugs carpet moroccan pastel color living room navajo 2. tie dyeing fluffy rugs anti-skid 2,00 each 25,48 50,96 10% 56,06 area rug dining room carpet floor bedroom mat oo checkered modern kashkoli 2,00 each 806,00 1 612,00 10% 1 773,20 oriental area rug foyer hand-knotted wool carpet 4'x6' 4. galaxy butterfly area rugs 3,00 each 13,69 41,07 10% 45,18 children bedroom non-slip doormat floor mat carpet a soft sheepskin mat faux fur 4,00 each 8,99 35,96 10% 39,56 rug small shaggy non slip floor carpet white gray 6. cartoon rabbit printed round 4,00 each 177,08 708,32 10% 779,15 carpet area rug children play tent floor mat rug summary vat [%] net worth vat gross worth 10% 3 644,31 364,43 4 008,74 total $ 3 644,31 $ 364,43 $ 4 008,74"
batch1-0456.jpg,Office Supplies,"seller: martinez plc 47289 ashley oval apt. 958 south seth, hi 76059 items no. description qty ils intel compute stick (32gb, intel 2,00 atom, 1.33ghz, 2gb) pc desktop summary vat [%] 10% total 12/07/2015 client: williams-reid 99188 angela village suite 839 garystad, ia 67786 um net price net worth vat [%] each 45,00 90,00 10% net worth vat 90,00 9,00 $ 90,00 $ 9,00 gross worth 99,00 gross worth 99,00 $ 99,00"
batch1-0457.jpg,"Office Supplies, Technology","seller: davis-shepherd 776 alison inlet lake marissa, pa 96579 items no. description qty ils b351 nintendo new 3ds console 3,00 white japan w/stylus pen 2. sony playstation2 console 3,00 scph-50000 "" peal color ""/ tested 11177 a ps2 sakura pink console 4,00 system boxed scph-50000 tested japan 4. huge sony playstation 3 2,00 console lot w/ 30 games! system bundle ps3 5: nintendo gameboy original 1,00 console gray with box manual dmb-01 japan tested 67 6. nintendo 3ds handheld console 4,00 purple summary vat [%] 10% total 02/02/2018 um eacn eacn eacn eacn eacn eacn client: fisher, gonzalez and garcia 939 solomon stream mikeside, ok 42819 net price net worth vat [%] 79,99 239,97 10% 60,00 180,00 10% 166,00 664,00 10% 299,95 599,90 10% 140,00 140,00 10% 98,99 395,96 10% net worth vat 2 219,83 221,98 $ 2 219,83 $ 221,98 gross worth 263,97 198,00 730,40 659,89 154,00 435,56 gross worth 2 441,81 $2 441,81"
batch1-0458.jpg,"Food & Dining, Retail","seller: hodges, porter and bass 80694 black corners south sean, va 48650 items no. description qty ils wine spoon 5,00 2. black pug wine holder 5,00 bh vintage crystal red wine 2,00 glasses nos west germany 1983 6 10 ounce elegant stems 4. mdesign metal wine rack 5,00 storage organizer, 6 bottles - chrome ae pier 1 multi-color cordial 1,00 liqueur wine glasses set of 4 6. 3 ikea stainless steel 4-bottle 4,00 wine rack 300.557.60 - great condition gift it! ae wine glass hanging metal wine 1,00 cup rack bar double stemware glass bottle goblet summary vat [%] 10% total 06/04/2017 um eacn eacn eacn eacn eacn eacn eacn client: young, rosales and graham 0004 elizabeth fall brianfort, hl 90540 net price net worth vat [%] 5,00 25,00 10% 12,95 64,75 10% 35,45 70,90 10% 22,99 114,95 10% 30,00 30,00 10% 25,00 100,00 10% 19,10 19,10 10% net worth vat 424,70 42,47 $ 424,70 $ 42,47 gross worth 27,50 71,23 71,99 126,44 33,00 110,00 21,01 gross worth 467,17 $ 467,17"
batch1-0459.jpg,"Food & Dining, Home Furnishings","seller: client: johnson-mcdonald sheppard ltd 07648 kerr parks 65570 daniel pike apt. 160 new robin, tx 97193 hernandezhaven, ny 51451 items no. description qty um net price net worth vat [%] gross worth ils 4'x6' wool floral handmade 3,00 each 299,00 897,00 10% 986,70 rugs carpet moroccan pastel color living room navajo 2. yilong 4'x6' golden handmade 4,00 each 3 600,00 14 400,00 10% 15 840,00 carpet house decor hand knotted silk rugs 088b oo fluffy floor mat anti-skid 3,00 each 3,89 11,67 10% 12,84 shaggy area rugs dining living room carpet home decor 4. home christmas santa claus 4,00 each 13,09 52,36 10% 57,60 anti-slip room floor mat decor carpet rug xmas decor a rug area hand knotted wool 3,00 each 410,00 1 230,00 10% 1 353,00 oriental carpet vintage geometric traditional handmad 6. striped contemporary gabbeh 4,00 each 417,24 1 668,96 10% 1 835,86 kashkoli oriental area rug handmade wool carpet 6x8 summary vat [%] net worth vat gross worth 10% 18 259,99 1 826,00 20 085,99 total $ 18 259,99 $ 1 826,00 $ 20 085,99"
batch1-0460.jpg,Books & Media,"seller: smith plc 884 kim port smithville, pa 16653 items no. description qty 1. little women by louisa may 4,00 alcott illustrated brand new collectible hardcover summary vat [%] 10% total um each 02/23/2014 client: todd-barnes usnv smith fpo ae 18444 net price net worth vat [%] 14,77 59,08 10% net worth vat 59,08 5,91 $ 59,08 $ 5,91 gross worth 64,99 gross worth 64,99 $ 64,99"
batch1-0461.jpg,"Office Supplies, Books & Media","seller: client: nguyen, russell and rodriguez adams-burns 0424 kristy rapid suite 516 053 shawn fields bonniemouth, va 53323 new tommyborough, ak 60906 items no. description qty um net price net worth vat [%] gross worth ils entertaining 3,00 each 4,49 13,47 10% 14,82 2. collectors paperweights 86 3,00 each 5,74 17,22 10% 18,94 by a history of christianity vol. 1 : 1,00 each 4,09 4,09 10% 4,50 beginnings to 1500 by kenneth s. latourette 4. an hour with jesus 2,00 each 4,49 8,98 10% 9,88 summary vat [%] net worth vat gross worth 10% 43,76 4,38 48,14 total $ 43,76 $ 4,38 $ 48,14"
batch1-0462.jpg,Books & Media,"seller: client: stanton-williams thompson-perry 4331 johnson plains apt. 242 6801 wiggins prairie suite 455 west williamville, nc 13866 lewistown, va 46911 items no. description qty um net price net worth vat [%] gross worth ils winnie the pooh by a. a. milne 5,00 each 19,73 98,65 10% 108,52 illustrated by shepard collector's new hardcover 2. endurance : shackleton's 3,00 each 4,09 12,27 10% 13,50 incredible voyage by alfred lansing oo christmas cupcake murder: a 1,00 each 2,99 2,99 10% 3,29 festive & delicious ch... by joanne fluke (p.d.f) summary vat [%] net worth vat gross worth 10% 113,91 11,39 125,30 total $ 113,91 $ 11,39 $ 125,30"
batch1-0463.jpg,Technology,"seller: client: valenzuela plc wilson group 38618 alejandra forest apt. 304 579 henry heights racheltown, az 11973 new dennisfurt, nd 64781 items no. description qty um net price net worth vat [%] gross worth 1. new sony playstation 4 ps4 1,00 each 399,99 399,99 10% 439,99 slim 1tb fortnite neo versa gaming console bundle 2. nintendo 3ds handheld console 5,00 each 280,23 1 401,15 10% 1 541,27 hello kitty limited edition used a nintendo famicom (nes) 2,00 each 39,99 79,98 10% 87,98 hvc-001 console only tested work japan summary vat [%] net worth vat gross worth 10% 1 881,12 188,11 2 069,23 total $1 881,12 $ 188,11 $ 2 069,23"
batch1-0464.jpg,"Footwear & Athletic Wear, Clothing & Apparel","seller: raymond, mejia and thomas 77580 flores place suite 254 greentown, hi 20526 items no. description qty ils adult girl version hermione 3,00 granger cosplay costume gryffindor kid size in stock 2. jordan nike kid air 1 retro high 5,00 black gray elephant size 7y 838850-013 3: ricosta bge boys everyday 1,00 casual sandals new size 33/ us 2 4. egyptian comfort 1800 count 4 3,00 piece bed sheet set deep pocket bed sheets a star wars 100% 925 sterling 1,00 silver bb8 darth vader charm r2-d2 fiit pandora gift summary vat [%] 10% total 02/14/2019 um eacn eacn eacn eacn eacn client: martin, wright and mccarty psc 0648, box 7748 apo ap 78662 net price net worth vat [%] 64,16 192,48 10% 50,00 250,00 10% 45,00 45,00 10% 22,99 68,97 10% 19,88 19,88 10% net worth vat 576,33 57,63 $ 576,33 $ 57,63 gross worth 211,73 275,00 49,50 75,87 21,87 gross worth 633,96 $ 633,96"
batch1-0465.jpg,Books & Media,"seller: fisher plc 985 barnes street suite 193 east laura, oh 47472 items no. description 1. bobby fischer s chess games 2. dutch cooking (the netherlands cookbook) by heleen a. m. halverhout book the bh philadelphia museum of art: handbook of the collec summary total qty 5,00 1,00 4,00 vat [%] 10% 04/22/2017 client: um each each each net price 13/53 12,63 4,49 net worth 98,24 $ 98,24 meyer, lambert and smith 94070 durham orchard suite 505 west kyleburgh, va 36158 net worth vat [%] gross worth 67,65 10% 74,41 12,63 10% 13,89 17,96 10% 19,76 vat gross worth 9,82 108,06 $ 9,82 $ 108,06"
batch1-0466.jpg,Clothing & Apparel,"seller: client: ramsey-marshall gomez ltd 74924 jeffrey keys suite 073 384 eric avenue huertaside, or 19492 north paulville, pa 08561 items no. description qty um net price net worth vat [%] 1. lilly pulitzer 8 sunkissed with 5,00 each 56,89 284,45 10% glow janice shift dress 2. newborn toddler baby girls 5,00 each 9,15 45,75 10% floral print romper dress bodysuits ouftits clothes a fire los angeles dress medium 2,00 each 6,50 13,00 10% summary vat [%] net worth vat 10% 343,20 34,32 total $ 343,20 $ 34,32 gross worth 312,90 50,33 14,30 gross worth 377,52 $ 377,52"
batch1-0467.jpg,"Food & Dining, Transportation, Office Supplies, Utilities","seller: dixon-hebert 03290 ruiz groves suite 916 north phillipshire, ia 42021 items no. description qty 1. brand new metrokane rabbit 3,00 wine gold color tool kit 6 piece set w/aerator 2. vintage set of 4 clear iridescent 3,00 rainbow glass glasses champagne wine oo press wine 15l fruit cider 5,00 apple crusher juice grape stainless maker grapes new 4. 2 hand blown wine water 4,00 goblet glass art mexico pulled feather iridescent swirl a wine opener accessories gift 5,00 tools set with waiters corkscrew opener 5 piece* 6. 1pc wine display rack wine 3,00 holders wine bottle racks for home cabinet ee black pug wine holder 5,00 summary vat [%] 10% total 07/08/2016 um eacn eacn eacn eacn eacn eacn eacn client: stewart-faulkner psc 3846, box 9643 apo ap 38432 net price net worth vat [%] 29,99 89,97 10% 15,95 47,85 10% 279,00 1 395,00 10% 29,99 119,96 10% 11,71 58,55 10% 59,25 177,75 10% 12,95 64,75 10% net worth vat 15953,83 195,38 $ 1 953,83 $ 195,38 gross worth 98,97 52,63 1 534,50 131,96 64,41 195,53 71,23 gross worth 2 149,21 $2 149,21"
batch1-0468.jpg,"Office Supplies, Books & Media","seller: mccormick plc 5000 ramos square normaberg, ga 40612 items no. description qty ils [new] a divine revelation of 1,00 hell by mary k. baxter 2. seashells of north america: a 5,00 guide to field ident by master and god 3,00 4. a woman of substance 5,00 de king james version (kjv), 5,00 rainbow study bible, black leather with index 6. harry potter and the chamber 5,00 of secrets (book 2) by rowling, j. k. paperback the summary vat [%] 10% total 10/19/2018 um eacn eacn eacn eacn eacn eacn client: williams, smith and myers 839 mason squares apt. 624 north brian, nh 59718 net price 1535) 4,49 7,00 4,89 52,99 7,62 net worth 386,30 $ 386,30 net worth 15,35) 22,45 21,00 24,45 264,95 38,10 vat [%] 10% 10% 10% 10% 10% 10% vat 38,63 $ 38,63 gross worth 16,89 24,70 23,10 26,90 291,45 41,91 gross worth 424,93 $ 424,93"
batch1-0469.jpg,Footwear & Athletic Wear,"seller: banks, wright and mills 13451 taylor mountain lake lauren, fl 85948 items no. description qty ils durango lil' little kid western 3,00 casual western purple boys - size 2m 2. nwt adidas pulseboost hd (big 5,00 kid) casual running shoes boys black size 4 3: ricosta bge boys everyday 5,00 casual sandals new size 33/ us 2 4. timberland kid's brown field 4,00 scuff-proof boots size 7 5: 5 youth boys big kids nike 1,00 jordan 6-17-23 basketball white red black 428818 100 summary vat [%] 10% total 03/15/2013 um eacn eacn eacn eacn eacn client: white llc uscgc duran fpo ap 85163 net price 68,00 84,99 45,00 39,99 89,99 net worth 1 103,90 $ 1 103,90 net worth vat [%] 204,00 10% 424,95 10% 225,00 10% 159,96 10% 89,99 10% vat 110,39 $ 110,39 gross worth 224,40 467,45 247,50 175,96 98,99 gross worth 1 214,29 $1214,29"
batch1-0470.jpg,Home Furnishings,"seller: gentry-villarreal 9869 evans river apt. 348 barbaraburgh, mn 78518 items no. description qty ils gold framework on broken 1,00 marble living room and bedroom area rugs carpet cnk2406 2. soft sheepskin mat faux fur 1,00 fake rug shaggy non slip floor carpet black 3. yilong 1.2x1.7' 300l 3,00 handmade tree of life silk carpet home tapestry lh693a 4. indian rectangular beautifully 5,00 made chindi rag rug floor carpet ethnic mat summary vat [%] 10% total 03/30/2016 um eacn eacn eacn eacn client: ray, evans and usns graves fpo ap 68014 davis net price 24,99 9,84 188,00 29,99 net worth 748,78 $ 748,78 net worth vat [%] 24,99 10% 9,84 10% 564,00 10% 149,95 10% vat 74,88 $ 74,88 gross worth 27,49 10,82 620,40 164,94 gross worth 823,66 $ 823,66"
batch1-0471.jpg,Books & Media,"seller: williams group 20488 madeline row thompsonton, me 85462 items no. description qty 1. evolutionary analysis 5,00 2. one year through the bible by 1,00 david r. veerman summary vat [%] 10% total um each each 08/30/2011 client: willis and sons 397 cody plain suite 364 south jonfurt, tx 19023 net price net worth vat [%] 6,43 32)15) 10% 4,49 4,49 10% net worth vat 36,64 3,66 $ 36,64 $ 3,66 gross worth 35,36 4,94 gross worth 40,30 $ 40,30"
batch1-0472.jpg,"Office Supplies, Technology, Books & Media","seller: client: carter, molina and garcia jones llc 6710 sean ports 0875 charles village suite 140 lake kristine, ct 42610 reidfort, nc 33037 items no. description qty um net price net worth vat [%] gross worth ils straw dogs : thoughts on 4,00 each 13,99 55,96 10% 61,56 humans and other animals, paperback by gray, john, l... 2. titans of the rising sun - 3,00 each 7,53 22,59 10% 24,85 yamato class battleships of world war ii book oo the graphic design reference 2,00 each 20,18 40,36 10% 44,40 & specification book: everything graphic designers 4. sasinowski m-legacy of ra 3,00 each 19,40 58,20 10% 64,02 book new summary vat [%] net worth vat gross worth 10% ie/7e ui 17,71 194,82 total $ 177,11 $17,71 $ 194,82"
batch1-0473.jpg,Uncategorized,"seller: rose, smith and moreno 4507 james mill suite 588 new alyssa, ne 08835 items no. description 1. the italians by luigi barzini summary total qty 4,00 vat [%] 10% 01/07/2020 client: um each williams-jimenez 07227 kristen locks suite 358 julieview, ks 58803 net price net worth vat [%] 4,49 17,96 10% net worth vat 17,96 1,80 $ 17,96 $ 1,80 gross worth 19,76 gross worth 19,76 $ 19,76"
batch1-0474.jpg,Home Furnishings,"seller: thomas, white and smith 8485 jack key apt. 255 new miguel, hi 95698 items no. description qty ils 3d stones florals corridor 2,00 carpet doorway mat soft antislip living room area rug 2. round rug carpet for living 1,00 room decor faux fur rugs kids room long plush rugs summary vat [%] 10% total 05/24/2019 client: green, scott and miller 101 ford stravenue scotttown, de 22621 um net price net worth vat [%] each 15) 19) 30,38 10% each 9,87 9,87 10% net worth vat 40,25 4,03 $ 40,25 $ 4,03 gross worth 33,42 10,86 gross worth 44,28 $ 44,28"
batch1-0475.jpg,"Technology, Home Furnishings","seller: acosta-mendoza 020 daniel motorway apt. 995 east jacobtown, az 24921 items no. description handheld video game console 400 in 1 mini retro console built in video games sony playstation2 slim console set "" scph-90000 / white ""/ tested working 11194 ex+ playstation ps vita console pch-1000ab04 pch-1000 sapphire blue 4gb 001904 8gb 4.3"" retro handheld game console portable video game built-in 10000+ games b400 nintendo 3ds console gloss pink japan x nintendo gameboy color console clear with box manual cgb-001 gbc japan tested 63 nintendo wii black console bundle 2 remotes+ sensor+ 1 numchuk tested & works summary total qty 1,00 3,00 4,00 3,00 3,00 4,00 4,00 vat [%] 10% 04/16/2014 um eacn eacn eacn eacn eacn eacn eacn client: malone, pierce and morgan 1163 katie roads stephanieland, mn 25123 net price net worth vat [%] 15,99 15,99 10% 90,00 270,00 10% 149,98 599,92 10% 29,99 89,97 10% 14,99 44,97 10% 120,00 480,00 10% 52,95 211,80 10% net worth vat 1712,65 171,26 $1 712,65 $ 171,26 gross worth 17,59 297,00 659,91 98,97 49,47 528,00 232,98 gross worth 1 883,91 $ 1 883,91"
batch1-0476.jpg,"Food & Dining, Office Supplies, Utilities","seller: thompson, jackson and ware 544 foley keys port adrian, ne 50962 items no. description qty ils (2) stacking metal 8 wine bottle 3,00 holder storage rack, 8 bottles counter display 2. wine bottle opener corkscrew 4,00 set red 5 pc stopper pourer foil cutter bottle 3: waterford elegance chardonnay 4,00 wine glass, pair - 40001097 new in box 4. usb charging bar home pumps 1,00 wine opener bottles electric automatic kitchen tool a wine glasses - set of 6 3,00 6. set of 2 stemless christmas 4,00 wine glasses new 7. wine bottle holder 2,00 summary vat [%] 10% total 03/21/2021 um eacn eacn eacn eacn eacn eacn eacn client: foster-nelson 13818 melinda ramp samuelmouth, nv 13900 net price net worth vat [%] 16,99 50,97 10% 8,65 34,60 10% 19,98 79,92 10% 35,27 35,27 10% 10,00 30,00 10% 12,00 48,00 10% 10,75 21,50 10% net worth vat 300,26 30,03 $ 300,26 $ 30,03 gross worth 56,07 38,06 87,91 38,80 33,00 52,80 23,65 gross worth 330,29 $ 330,29"
batch1-0477.jpg,"Office Supplies, Technology","seller: horton llc 44374 watkins points norriston, il 77707 05/14/2020 client: jackson-holland 167 howard place suite 420 gordonville, nm 91832 items no. description qty um net price net worth vat [%] gross worth ils ibuypower gaming computer 1,00 each 509,95 509,95 10% 560,95 amd ryzen 3 3100, radeon rx 550, 240gb ssd, wifi ready 2. dell desktop computer pc core 1,00 each 124,95 124,95 10% 137,45 i5 3.1ghz 8gb ram 500gb hd wifi dvd windows 10 2 hp 8300 slim desktop small 3,00 each 99,99 299,97 10% 329,97 computer pc i5 3.2ghz 4gb 500gb windows 10 pro wifi summary vat [%] net worth vat gross worth 10% 934,87 93,49 1 028,36 total $ 934,87 $ 93,49 $ 1 028,36"
batch1-0478.jpg,"Office Supplies, Books & Media","seller: curtis-lloyd usnv rodriguez fpo aa 36109 items no. description qty 1. king james version (kjv), 4,00 rainbow study bible, black leather with index 2. the nature notes of an 1,00 edwardian lady (country dia... by holden, edith paperback oo the four agreements: a 1,00 practical guide to personal freedom by don miguel ruiz 4. merry robin hood by h. pyle 5,00 new sealed illustrated leather bound gift hardback a astronomy: a visual guide 2,00 summary vat [%] 10% total 02/06/2015 um eacn eacn eacn eacn eacn client: conner, lucas and mullen 70496 james hill apt. 960 smithside, dc 23664 net price net worth vat [%] 52,99 211,96 10% 26,67 26,67 10% 3,30 3,30 10% 19,99 99,95 10% 5,02 10,04 10% net worth vat 351,92 35,19 $ 351,92 $ 35,19 gross worth 233,16 29,34 3,63 109,94 11,04 gross worth 387,11 $ 387,11"
batch1-0479.jpg,"Food & Dining, Home Furnishings","seller: murray-eaton 773 joseph plains west nicoleville, az 46136 05/07/2019 client: cuevas, reid and hurst 98071 daniel heights careyside, ms 59400 items no. description qty um net price net worth vat [%] gross worth ils tie dyeing fluffy rugs anti-skid 4,00 each 25,48 101,92 10% 112,11 area rug dining room carpet floor bedroom mat 2. galaxy butterfly area rugs 2,00 each 13,69 27,38 10% 30,12 children bedroom non-slip doormat floor mat carpet oo colorful marble printed living 2,00 each 12,49 24,98 10% 27,48 room and bedroom area rugs carpet cnk2413 4. red traditional oriental 4,00 each 39,98 159,92 10% 175,91 medallion 8x10 area rug carpet 2x3 mat 5x7 rugs dy yilong 2.5'x4' small hand 4,00 each 2 000,00 8 000,00 10% 8 800,00 knotted silk carpets antistatic floor area rug 844b summary vat [%] net worth vat gross worth 10% 8 314,20 831,42 9 145,62 total $ 8 314,20 $ 831,42 $9 145,62"
batch1-0480.jpg,Home Furnishings,"seller: burns, padilla and daniels 10839 cassandra mill suite 967 lake maryberg, ky 98472 items no. description qty um ils 26""x26"" marble black top 2,00 each coffee table inlay floral pietradura art christmas gift 2. 24""x24"" black marble round 5,00 each top center table florals inlaid art christmas gift summary vat [%] 10% total client: tapia-warren 342 gordon wall south cindy, la 64003 net price net worth vat [%] 1 489,00 2 978,00 10% 1 188,00 5 940,00 10% net worth vat 8 918,00 891,80 $ 8 918,00 $ 891,80 gross worth 3 275,80 6 534,00 gross worth 9 809,80 $ 9 809,80"
batch1-0481.jpg,"Food & Dining, Transportation","seller: gonzales-callahan usns barker fpo ap 35834 items no. description qty ils birthday girl 15 oz hand 5,00 painted wine glass with box & recipe by lolita new 2. vintage set of 4 clear iridescent 3,00 rainbow glass glasses champagne wine oo 6pc set blue wine glass 7.5"" 3,00 tall leaf and button pattern vgc 4. set of 6 german roemer wine 4,00 glasses ,make in france summary vat [%] 10% total 02/05/2014 um eacn eacn eacn eacn client: russell-jackson 3711 rebecca lodge suite 568 rhondabury, ia 26475 net price 12,99 15,95 8,99 55,00 net worth 359,77 $ 359,77 net worth vat [%] 64,95 47,85 26,97 220,00 vat 35,98 $ 35,98 10% 10% 10% 10% gross worth 71,45 52,63 29,67 242,00 gross worth 395,75 $ 395,75"
batch1-0482.jpg,Technology,"seller: client: bullock, jenkins and harrison gibbs ltd 79876 jessica light 680 tamara summit apt. 679 west donaldfort, de 82741 westland, la 51550 items no. description qty um net price net worth vat [%] gross worth ils nintendo 64 console complete 5,00 each 249,99 1 249,95 10% 1 374,95 in box with extra controller 2. sony playstation gray ps1 4,00 each 21,99 87,96 10% 96,76 console! console only! tested working! a nintendo 64 complete boxed 5,00 each 149,99 749,95 10% 824,95 console (no styrofoam) works great! 4. nintendo switch lite turquoise 5,00 each 135,00 675,00 10% 742,50 blue console only - no charger [b1-3] 5: nintendo wii console with 2,00 each 29,99 59,98 10% 65,98 cables and accessories and new super mario bros disc! 6. nintendo wii white console 5,00 each 99,99 499,95 10% 549,95 rvl-001 bundle game cube compatible controllers senso 7. playstation 5 console disc 5,00 each 899,99 4 499,95 10% 4 949,95 version **preorder**(]uu!!! summary vat [%] net worth vat gross worth 10% 7 822,74 782,27 8 605,01 total $ 7 822,74 $ 782,27 $ 8 605,01"
batch1-0483.jpg,"Transportation, Office Supplies","seller: mcbride-smith 632 katherine valley suite 528 smithmouth, mn 67317 items no. description qty ils pictures from a distant 4,00 country: seeing america through old paper money 2. diabetic dream desserts 2,00 bh a history of christianity vol. 1 : 5,00 beginnings to 1500 by kenneth s. latourette 4. king arthur and his knights 3,00 new sealed illustrated leather bound gift hardback s: how to repair home laundry 3,00 appliances 6. tumbling by caela carter 1,00 summary vat [%] 10% total 08/27/2017 um eacn eacn eacn eacn eacn eacn client: kelly llc 3158 nicholas harbor south alicia, dc 71771 net price 13,84 4,49 4,09 19,99 12,46 4,49 net worth 186,63 $ 186,63 net worth 55,36 8,98 20,45 59,97 37,38 4,49 vat [%] 10% 10% 10% 10% 10% 10% vat 18,66 $ 18,66 gross worth 60,90 9,88 22,49 65,97 41,12 4,94 gross worth 205,29 $ 205,29"
batch1-0484.jpg,Footwear & Athletic Wear,"seller: powers-parker 152 johnson estate kevinland, ak 42225 items no. description qty ils jordan 10 retro fusion red size 1,00 6y summary vat [%] 10% total 07/09/2014 client: anderson-lindsey 72498 joseph mill apt. 418 west paul, az 08086 um net price net worth vat [%] each 60,00 60,00 10% net worth vat 60,00 6,00 $ 60,00 $ 6,00 gross worth 66,00 gross worth 66,00 $ 66,00"
batch1-0485.jpg,Home Furnishings,"seller: berg ltd 37866 rhodes point apt. 453 tonyafurt, mt 38836 items no. description qty ils 12"" white marble coffee table 5,00 top lapis turquoise floral inlay home decors w538 2. 24 inches marble sofa table top 2,00 inlay coffee table with malachite stone work oo 24 inches round marble coffee 3,00 table top inlay sofa table with geometrical design 4. semi precious stone work inlaid 3,00 dinning table top marble kitchen table 42 inches a 18"" white top chess table 1,00 handmade inlaid mosaic decorative art halloween gift 6. 18""x18"" white hand curved top 2,00 coffee table inlay decorative gift for her wedding summary vat [%] 10% total 02/21/2021 client: hicks-mayer 0370 james flat apt. 820 josephtown, ar 11108 um net price net worth vat [%] each 295,73 1 478,65 10% each 615,00 1 230,00 10% each 446,25 1 338,75 10% each 2 496,00 7 488,00 10% each 530,00 530,00 10% each 475,22 950,44 10% net worth vat 13 015,84 1 301,58 $ 13 015,84 $1 301,58 gross worth 1 626,52 1 353,00 1 472,63 8 236,80 583,00 1 045,48 gross worth 14 317,42 $ 14 317,42"
batch1-0486.jpg,Technology,"seller: lucas-hall 426 teresa inlet snyderside, ct 46654 items no. description qty ils nintendo wii console rvl-001 2,00 complete hookups w/ mario&sonic; tested / working 2. anbernic retro games 500 in 1 4,00 8 bit classic video game console handheld player oo nintendo wii white console 5,00 rvl-001 bundle game cube compatible controllers senso 4. sega game gear micro console 2,00 4 color complete set 30th anniversary gg w/window a microsoft xbox one x 1tb 4k 5,00 ultra hd console black controller works great 1787 6. nintendo switch 32 gb black - 1,00 console only - works perfect fast shipping! ee b397 nintendo dsi console red 2,00 japan nds x summary vat [%] 10% total 06/10/2020 um eacn eacn eacn eacn eacn eacn eacn client: net price 78,88 1,25 99,99 249,98 249,00 179,99 6,99 net worth 2 601,64 $ 2 601,64 dixon-thompson 301 gardner cliff josephview, ms 68973 net worth vat [%] 157,76 10% 5,00 10% 499,95 10% 499,96 10% 1 245,00 10% 179,99 10% 13,98 10% vat 260,16 $ 260,16 gross worth 173,54 5,50 549,95 549,96 1 369,50 197,99 15,38 gross worth 2 861,80 $ 2 861,80"
batch1-0487.jpg,Technology,"seller: jacobson-wilson 842 jessica port wilsonborough, nc 68492 items no. description qty um ils nintendo 64 pokemon pikachu 1,00 each limited edition video game console set 2. b360 nintendo 2ds console 2,00 each blue japan summary vat [%] 10% total client: baker plc 27210 allison rue new michellefort, nh 37075 net price net worth vat [%] 199,98 199,98 10% 29,99 59,98 10% net worth vat 259,96 26,00 $ 259,96 $ 26,00 gross worth 219,98 65,98 gross worth 285,96 $ 285,96"
batch1-0488.jpg,"Food & Dining, Utilities","seller: client: smith-myers 123 matthew loaf north jessica, wi 60501 items no. description qty um ils whiskey glass mountain 1,00 each wooden bottom wine transparent 2. outdoor wine glass beer holder 5,00 each to armrest with attachments red wine base _yoxq 3: waterford elegance chardonnay 4,00 each wine glass, pair - 40001097 new in box summary vat [%] 10% total tapia, robinson and miller 417 christopher brook suite 968 port robertmouth, il 51885 net price 19,48 11,44 19,98 net worth 156,60 $ 156,60 net worth vat [%] gross worth 19,48 10% 21,43 57,20 10% 62,92 79,92 10% 87,91 vat gross worth 15,66 172,26 $ 15,66 $ 172,26"
batch1-0489.jpg,Footwear & Athletic Wear,"seller: scott-howard 45558 davis mountains east zacharyville, |a 99376 items no. description qty ils puma boys youth universal fg 2,00 jr soccer cleats 2.5 white high red new futbol 2. lotto youth boys fuerzapura 5,00 l500 jr soccer cleats size 2.5 white blue m6147 2.5y summary vat [%] 10% total um each each 06/11/2020 client: williams, schneider and gomez 588 morales rapids east katherineton, mt 53545 net price net worth vat [%] 19,99 39,98 10% 19,99 99,95 10% net worth vat 139,93 13,99 $ 139,93 $ 13,99 gross worth 43,98 109,94 gross worth 153,92 $ 153,92"
batch1-0490.jpg,Food & Dining,"seller: reed and sons unit 5010 box 0461 dpo aa 27717 items no. description qty ils wine bottle storage 6 slots 4,00 modern countertop metal rack kitchen bar organizer 2. anthropologie gold elegant 4,00 swan decorative metal bottle stopper wine saver oo mdesign metal wine rack 4,00 storage organizer, 12 bottles - dark gray 4. tiffany and co pair 2 stemless 2,00 wine champagne glasses original stickers no box a outdoor wine glass beer holder 3,00 to armrest with attachments red wine base _yoxq 6. hardwood wine rack 12 bottles 3,00 very nice eonophiles delight summary vat [%] 10% total 08/16/2014 um eacn eacn eacn eacn eacn eacn client: lucas-barnett usns scott fpo aa 73490 net price 30,59 19,98 44,99 74,99 11,44 20,00 net worth 626,54 $ 626,54 net worth 122,36 79,92 179,96 149,98 34,32 60,00 vat [%] 10% 10% 10% 10% 10% 10% vat 62,65 $ 62,65 gross worth 134,60 87,91 197,96 164,98 37,75 66,00 gross worth 689,19 $ 689,19"
batch1-0491.jpg,Footwear & Athletic Wear,"seller: client: graham, briggs and anderson moore group 2056 martin extensions 89000 christopher brook port christopherton, va 87978 port richardmouth, ca 87376 items no. description qty um net price net worth vat [%] gross worth 1. new tommy hilfiger red 5,00 each 34,50 172,50 10% 189,75 white blue #5 color block beach sandals boys kids 8/9 2. 10"" cuphead game soft plush 1,00 each 26,99 26,99 10% 29,69 doll cuphead mugman mecup brocup kids gift us stock oo 2 pair-wonder nation childrens 4,00 each 12,99 51,96 10% 57,16 tucker boots new size 10 black easy on/off summary vat [%] net worth vat gross worth 10% 251,45 25,15 276,60 total $ 251,45 $ 25,15 $ 276,60"
batch1-0492.jpg,Home Furnishings,"seller: client: thomas and sons smith, fox and castaneda 8762 matthew overpass apt. 126 1827 byrd islands lewisbury, nc 68186 martinezstad, de 49001 items no. description qty um net price net worth vat [%] gross worth ils garden flower carpet quilted 5,00 each 45,50 227,50 10% 250,25 bedroom floor princess tapis lace rug carpets 2. rectangle faux fur sheepskin 2,00 each 29,95 59,90 10% 65,89 rug fluffy area rug floor carpets dark pink oo color skull series small large 5,00 each 36,30 181,50 10% 199,65 long floor carpet area rugs various size soft rug 4. unicorn series small large long 5,00 each 46,50 232,50 10% 255,75 floor carpet area rugs various size soft rug summary vat [%] net worth vat gross worth 10% 701,40 70,14 771,54 total $ 701,40 $ 70,14 $ 771,54"
batch1-0493.jpg,Technology,"seller: hogan, adkins and rogers 2917 young cape south james, pa 13959 items no. description qty ils ps2 slim console system 4,00 scph-77000 pink playstation 2 tested 2. nintendo wii console with 5,00 cables and accessories and new super mario bros disc! oo nintendo switch gaming 1,00 console w/ neon blue & red controllers,carry case,cable 4. sony playstation gray ps1 2,00 console! console only! tested working! a b408 nintendo gameboy color 4,00 console ice blue toysrus limited japan gbc rear x 6. nintendo ds lite onyx black 1,00 system console & 6 games mario charger stylus ee nintendo 64 n64 game console 3,00 system + controller cords working summary vat [%] 10% total 02/02/2018 um eacn eacn eacn eacn eacn eacn eacn client: johnson llc 3913 frank inlet port kathy, ga 28821 net price 252,00 29,99 300,00 21,99 74,99 69,99 100,00 net worth 2 171,88 $2171,88 net worth 1 008,00 149,95 300,00 43,98 299,96 69,99 300,00 vat [%] 10% 10% 10% 10% 10% 10% 10% vat 217,19 $ 217,19 gross worth 1 108,80 164,94 330,00 48,38 329,96 76,99 330,00 gross worth 2 389,07 $ 2 389,07"
batch1-0494.jpg,Food & Dining,"seller: nguyen-roach 247 david highway lake john, wv 84178 items no. description 1. stemware rack display kitchen wine glass holder bottle carbon steel free punch 2. vtg (4) 7 ounce since 1852 milk bottle wine carafe juice glass with cork lids 3: vintage crystal red wine glasses nos west germany 1983 6 10 ounce elegant stems 4. 3 ikea stainless steel 4-bottle wine rack 300.557.60 - great condition gift it! s: lolita ""wine bouquet"" hand painted and decorated wine glass nib summary total qty 1,00 1,00 1,00 4,00 1,00 vat [%] 10% 02/23/2021 um eacn eacn eacn eacn eacn client: clark-foster 77477 troy cliff apt. 853 washingtonbury, ms 78346 net price net worth vat [%] 42,32 42,32 14,00 14,00 35,45 35,45 25,00 100,00 20,00 20,00 net worth vat 211,77 21,18 $ 211,77 $ 21,18 10% 10% 10% 10% 10% gross worth 46,55 15,40 39,00 110,00 22,00 gross worth 232,95 $ 232,95"
batch1-0495.jpg,"Office Supplies, Home Furnishings","seller: wright-hall 3641 sawyer ridge suite 572 roberttown, mn 62250 items no. description qty ils 60 inches marble dinning table 2,00 top inlay work lawn table with multi color stones 2. 7'x4' marble living room center 4,00 table top yellowish sea shell inlay decor e863a oo 36 inches marble dinning table 5,00 top hand inlaid office table with multi gemstones 4. 5'x2' marble white center table 4,00 top with 18"" tall stand pauashell inlay art deco a yellow marble royal look 3,00 marble inlay table top handmade dinning table 60 inches 6. 26""x26"" black marble round 3,00 top table grapes art inlay floral christmas gift deco 7. carnelian stone inlay art marble 4,00 coffee table top white corner table 14 inches summary vat [%] 10% total 11/25/2015 um eacn eacn eacn eacn eacn eacn eacn client: finley plc 71106 jessica rapid suite 235 new margaretburgh, ne 02077 net price 5 756,00 16 887,62 1 451,25 3 888,89 6 076,00 1 288,00 225125; net worth 124 867,29 $ 124 867,29 net worth vat [%] 11 512,00 10% 67 550,48 10% 7 256,25 10% 15 555,56 10% 18 228,00 10% 3 864,00 10% 901,00 10% vat 12 486,73 $ 12 486,73 gross worth 12 663,20 74 305,53 7 981,87 17 111,12 20 050,80 4 250,40 991,10 gross worth 137 354,02 $ 137 354,02"
batch1-0496.jpg,Clothing & Apparel,"seller: roberts-larson 34377 deborah cliffs port tonybury, me 29427 items no. description qty ils rebecca minkoff black polyester 5,00 fringe and lambskin dress sz 12 2. socialite white black striped a 4,00 line dress with pockets large a womens sparkle dress size 2x 4,00 holiday party red metallic 4. 1920s flapper gatsby cocktail 2,00 dress chiffon wedding party evening formal dresses a new wallis black floral midi 2,00 dress sleeveles, size uk 12 summary vat [%] 10% total 03/25/2012 um eacn eacn eacn eacn eacn client: hernandez, murphy and saunders 99581 raymond forge apt. 828 south brendan, ca 25172 net price net worth vat [%] 9,99 49,95 10% 10,00 40,00 10% 9,99 39,96 10% 8,99 17,98 10% 38,00 76,00 10% net worth vat 223,89 22,39 $ 223,89 $ 22,39 gross worth 54,95 44,00 43,96 19,78 83,60 gross worth 246,28 $ 246,28"
batch1-0497.jpg,Clothing & Apparel,"seller: client: merritt, williams and young olson, cisneros and moore 6801 frank run 80943 beck divide west mary, in 06055 wadeport, ia 90419 items no. description qty um net price net worth vat [%] gross worth ils bcbgeneration black sleeveless 2,00 each 2,99 5,98 10% 6,58 lace back cut out dress sz 2 2. 2pcs baby boys clothes cotton 5,00 each 10,99 54,95 10% 60,45 hoodied top+pants baby boys outfits gentleman 3. nwt $1200 j.crew silk chiffon 1,00 each 295,00 295,00 10% 324,50 ivory wedding dress with beading 4. shein blue and white striped 5,00 each 8,00 40,00 10% 44,00 wrap dress a guess dress size 6 2,00 each 20,00 40,00 10% 44,00 6. clifford & wills black 5,00 each 5,99 29,95 10% 32,95 net/mesh over taupe long dress size 4 ee matilda jane women's light 3,00 each 50,00 150,00 10% 165,00 rising high low green floral dress size l pockets summary vat [%] net worth vat gross worth 10% 615,88 61,59 677,47 total $ 615,88 $ 61,59 $ 677,47"
batch1-0498.jpg,Technology,"seller: brown group 2672 rodriguez parks lindseyfort, tn 83907 items no. description qty 1. nec pc engine interface unit 5,00 ifu-30 cd rom console pi-tgoo1 tested japan 2. original xbox console (works 3,00 great, tested) 3: super nintendo snes system 4,00 console sns-001 with 2 controllers cleaned and tested 4. nintendo blue wii system 4,00 game console complete with 2 motion remotes tested work 5: magnavox odyssey 2 2,00 microprocessor console system w joy sticks & 15 games - 1978 summary vat [%] 10% total 01/23/2020 um eacn eacn eacn eacn eacn client: davis, hogan and hardin 456 snyder crossroad new erikmouth, ia 43321 net price net worth vat [%] 159,99 799,95 10% 38,00 114,00 10% 149,99 599,96 10% 99,98 399,92 10% 155,00 310,00 10% net worth vat 2 223,83 222,38 $ 2 223,83 $ 222,38 gross worth 879,95 125,40 659,96 439,91 341,00 gross worth 2 446,21 $ 2 446,21"
batch1-0499.jpg,Technology,"seller: client: bailey, murray and lewis hester inc 33771 powell pike suite 054 4000 tonya rapid suite 963 east lisastad, ri 21938 south marissaport, mn 39537 items no. description qty um net price net worth vat [%] gross worth ils microsoft xbox one 1 - 500 gb 1,00 each 175,00 175,00 10% 192,50 console - black w/ controller & power supply good 2. nintendo dsoriginal ntr-001 3,00 each 0,99 2,97 10% 3,27 console - camouflage - tested works oo nintendo 2ds console blue 5,00 each 54,99 274,95 10% 302,45 japan model combine shipping available 2 summary vat [%] net worth vat gross worth 10% 452,92 45,29 498,21 total $ 452,92 $ 45,29 $ 498,21"
